"TR:TCGAMGAAMC01:CellLine","TR:TCGACH574801:CellLine","TR:TCGACH574101:CellLine","TR:TCGAV1A9O901:CellLine","TR:TCGAYLA9WL01:CellLine","TR:TCGAHC774401:CellLine","TR:TCGAKKA6E001:CellLine","TR:TCGAYLA8HK01:CellLine","TR:TCGAQUA6IL01:CellLine","TR:TCGAJ4A67L01:CellLine","TR:TCGAEJ549701:CellLine","TR:TCGACH576101:CellLine","DA:ALL","TR:CDC7","TR:CDON","TR:GADD45B","TR:parent_of_TRIM281","TR:RPS6KA2","TR:RYK","TR:WNT1","TR:WNT4","TR:HMGA2","TR:MAPKAPK3","TR:parent_of_ATM1","TR:PPARA","TR:PPARD","TR:ULK2","TR:HDAC10","TR:BIRC5","TR:HIPK1","TR:KCNIP3","TR:parent_of_CASP3-1_____CASP7-1_____CASP9-1","TR:PRKCA","TR:BIRC7","TR:EIF2AK3","TR:RIPK1","TR:SF1","TR:CSNK1E","TR:GOLGA7","DV:ABL1","DV:ATM","DV:AXIN1","DV:BAK1","DV:BCL2L2","DV:CDK5","DV:CREB1","DV:CREBBP","DV:DAXX","DV:DDX3X","DV:E2F1","DV:EIF4E","DV:ESCO1","DV:FAS","DV:FUS","DV:FZD8","DV:IRS1","DV:LRP6","DV:MAP3K4","DV:NR1H2","DV:parent_of_FUS1","DV:parent_of_HRAS1_____NRAS1","DV:PRKAB1","DV:PSIP1","DV:RNF111","DV:TRIM28","DV:BAX","DV:BID","DV:CASP3","DV:DIABLO","DV:EIF4G2","DV:HSPB2","DV:ILK","DV:parent_of_AKT11_____AKT21_____AKT31","DV:PPP1R1B"
1,0,0,0,0,0,0,0,0,0,0,0,0,1,1,1,1,1,1,1,1,0,0,0,0,0,0,0,0,0,0,0,0,0,0,0,0,0,0,0.5,0.5,0.5,0.5,0.5,0.5,0.5,0.5,0.5,0.5,0.5,0.5,0.5,0.5,0.5,0.5,0.5,0.5,0.5,0.5,0.5,0.5,0.5,0.5,0.5,0.5,0.5,0.5,0.5,0.5,0.5,0.5,0.5,0.5,0.5
1,0,0,0,0,0,0,0,0,0,0,0,10,1,1,1,1,1,1,1,1,0,0,0,0,0,0,0,0,0,0,0,0,0,0,0,0,0,0,0.485776141621934,0.0894458483789099,1,0.647900296566173,0.445615935481602,0.21186375373584,1,1,0.99263930660086,0,0.407199389823555,1,0,0.637116729372451,0.684580918452371,0.597025189589344,0.613595765231757,1,0.639019260246983,0,0.677847263966049,0,0.688406380301146,0.556896225480105,1,0.754612314892622,NA,NA,NA,NA,NA,NA,NA,NA,NA
0,0,0,0,0,0,0,0,0,0,1,0,0,1,1,0,0,0,1,0,0,0,0,0,1,0,0,0,0,1,0,0,1,0,0,0,0,1,0,0.5,0.5,0.5,0.5,0.5,0.5,0.5,0.5,0.5,0.5,0.5,0.5,0.5,0.5,0.5,0.5,0.5,0.5,0.5,0.5,0.5,0.5,0.5,0.5,0.5,0.5,0.5,0.5,0.5,0.5,0.5,0.5,0.5,0.5,0.5
0,0,0,0,0,0,0,0,0,0,1,0,10,1,1,0,0,0,1,0,0,0,0,0,1,0,0,0,0,1,0,0,1,0,0,0,0,1,0,1,0.420522770128916,0.839864287502055,0.461213948700326,0.577359863756018,0.555047009909457,0.461248245816155,0.555047009909457,0.298944192071943,0.330090527253173,0.555047009909457,NA,0.298944192071943,0.346529549548503,0.519658021566834,NA,0.672385240113522,NA,NA,NA,NA,0,NA,NA,0.712980351179741,0.579486642657011,0.461213948700326,0.418925903353836,0.785998878309439,1,0,0,0,0,0.776233901094518
